url_path,views_total,views_unique
/aria-ml/dataeval,24,23
/aria-ml/dataeval/blob/main/src/dataeval/core/_ber.py,2,2
/aria-ml/dataeval/tree/main/src,2,2
/aria-ml/dataeval/tree/main/src/dataeval,2,2
/aria-ml/dataeval/tree/main,2,1
/aria-ml/dataeval/tree/main/docs,2,1
/aria-ml/dataeval/blob/main/CHANGELOG.md,1,1
/aria-ml/dataeval/blob/main/docs/source/concepts/DatasetBias.md,1,1
/aria-ml/dataeval/blob/main/docs/source/concepts/PerformanceLimits.md,1,1
/aria-ml/dataeval/blob/main/docs/source/getting-started/which-tool.md,1,1
